Taxon,Island,PopName, Identifier, Volcano,Lat,LongNesosydne chambersi,Hawaii,1,  06FBa, Mauna Loa,19.515,-155.412Nesosydne chambersi,Hawaii,2,  0807a, Mauna Loa,19.499,-155.385Nesosydne chambersi,Hawaii,3,  LOR1, Mauna Loa,19.577,-155.474Nesosydne chambersi,Hawaii,4,  0849a, Mauna Loa,19.609,-155.47Nesosydne chambersi,Hawaii,5,  0851a, Mauna Loa,19.617,-155.472Nesosydne chambersi,Hawaii,6,  06GV1, Mauna Loa,19.686,-155.447Nesosydne chambersi,Hawaii,7,52002, Mauna Loa,19.672,-155.346Nesosydne chambersi,Hawaii,8,  W0962, Mauna Kea,19.81,-155.398Nesosydne chambersi,Hawaii,9,  P005B, Mauna Kea,19.847,-155.391Nesosydne chambersi,Hawaii,10, JI10, Mauna Kea,19.903,-155.452Nesosydne bridwelli,Maui,1,InsideCrater_PalikuSide,Haleakala,20.7297,-156.195Nesosydne bridwelli,Maui,2,InsideCrater_nrSlidingSands,Haleakala,20.7136,-156.234Nesosydne bridwelli,Maui,3,InsideCrater_nrHoluaCabin,Haleakala,20.742,-156.2099Nesosydne bridwelli,Maui,4,OutsideCrater_nrHalemau,Haleakala,20.738,-156.234Nesosydne bridwelli,Maui,5,OutsideCrater_rdSummit,Haleakala,20.741,-156.24Nesosydne raillardiae,Hawaii,1,MK_BACK,Mauna Kea,19.901,-155.435Nesosydne raillardiae,Hawaii,2,MK_PuuLaau,Mauna Kea,19.806,-155.607Nesosydne raillardiae,Hawaii,3,ML_Maunuka,Mauna Loa,19.17986,"	-155.76483"Nesosydne raillardiae,Hawaii,4,ML_HIVOByronLedge,Mauna Loa,19.424,-155.257Nesosydne raillardiae,Hawaii,5,ML_HIVONaupo,Mauna Loa,19.323,-155.159Nesosydne raillardiae,Hawaii,6,ML_HIVOHilinaPali,Mauna Loa,19.337,-155.275Drosophila sproati,Hawaii,1,Saddle4100,Mauna Loa,19.678021,-155.318923Drosophila sproati,Hawaii,2,Saddle4700,Mauna Loa,19.678021,-155.318923Drosophila sproati,Hawaii,3,Saddle5400,Mauna Loa,19.678021,-155.318923Drosophila sproati,Hawaii,4,Stainback3200,Mauna Loa,19.574465,-155.216223Drosophila sproati,Hawaii,5,Stainback3600,Mauna Loa,19.574465,-155.216223Drosophila sproati,Hawaii,6,Kapapala4200,Mauna Loa,19.3405183,-155.4599016Drosophila sproati,Hawaii,7,Kapapala4800,Mauna Loa,19.3405183,-155.4599016Drosophila sproati,Hawaii,8,KonaHema4100,Mauna Loa,19.303317,-155.8189124Drosophila sproati,Hawaii,9,SouthKona4800,Mauna Loa,19.303317,-155.8189124Drosophila sproati,Hawaii,10,Laupahoehoe4800,Mauna Kea,19.932104,-155.290776Drosophila sproati,Hawaii,11,Laupahoehoe4000,Mauna Kea,19.932104,-155.290776Drosophila sproati,Hawaii,12,Kohala,Kohala,20.0892736,-155.7379364Trioza HB,Hawaii,1, HI_col2_K_PLLae,Kohala,20.0448,-155.68696Trioza HB,Hawaii,2, HI_col2_K_POUmi,Kohala,20.07008,-155.724Trioza HB,Hawaii,3, HI_col2_K_Waim,Kohala,20.0621,-155.5352Trioza HB,Hawaii,4, HI_col2_MK_HamCoast,Mauna Kea,19.95416,-155.19032Trioza HB,Hawaii,5, HI_col2_MK_Humu,Mauna Kea,19.96523,-155.3028Trioza HB,Hawaii,6, HI_col2_MK_Laupa,Mauna Kea,19.93007,-155.28901Trioza HB,Hawaii,7, HI_col2_ML_Alili, Mauna Loa,19.233299,-155.520752Trioza HB,Hawaii,8, HI_col2_ML_Olaa, Mauna Loa,19.461968,-155.248032Trioza HB,Hawaii,9, HI_col2_ML_SadRd, Mauna Loa,19.68397,-155.29267Trioza HB,Hawaii,10, HI_col2_ML_SCirRd, Mauna Loa,19.24,-155.877Trioza HC,Hawaii,1,HI_col3_K_KFP,Kohala,20.0538,-155.68282Trioza HC,Hawaii,2,HI_col3_K_Waim,Kohala,20.0621,-155.5352Trioza HC,Hawaii,3,HI_col3_MK_Humu,Mauna Kea,19.96523,-155.3028Trioza HC,Hawaii,4,HI_col3_ML_Keauo, Mauna Loa,19.424,-154.959Trioza HC,Hawaii,5,HI_col3_ML_KIki, Mauna Loa,19.412,-155.242Trioza HC,Hawaii,6,HI_col3_ML_KMC, Mauna Loa,19.434115,-155.27392Trioza HC,Hawaii,7,HI_col3_ML_Puaulu, Mauna Loa,19.4373,-155.3032Trioza HC,Hawaii,8,HI_col3_ML_SCirRd, Mauna Loa,19.29804,-155.8741Tetragnatha quasimodo,Hawaii,1,quaHua,Hualalai,19.68333333,-155.8666667Tetragnatha quasimodo,Hawaii,2,quasad,Mauna Loa,19.66666667,-155.3333333Tetragnatha quasimodo,Hawaii,3,quavol,Kilauea,19.4,-155.2333333Tetragnatha anuenue,Hawaii,1,HI,Mauna Loa,19.66666667,-155.3333333Tetragnatha anuenue,Maui,2,MA,Haleakela,20.8,-156.2333333Theridion grallator,Hawaii,1,Hualalai,Hualalai,19.68333333,-155.8666667Theridion grallator,Hawaii,2,Saddle,Mauna Loa,19.66666667,-155.3333333Theridion grallator,Hawaii,3,Kilauea,Kilauea,19.4,-155.2333333Laupaula eukolea,Maui,1,EE,Haleakela,,Laupaula cerasina,Hawaii,2,ET,Mauna Loa,,Laupaula fugax,Maui,3,FU,West Maui,,Laupaula cerasina,Hawaii,4,KP,Mauna Loa,,Laupaula cerasina,Hawaii,5,KW,Mauna Loa,,Laupaula melewiki,Oahu,6,ME,Oahu,,Laupaula cerasina,Hawaii,7,PL,Kohala,,Laupaula eukolea,Maui,8,WEUK,Haleakela,,